{"schemaVersion":"1.0","appDefinitionTemplate":{"id":"/providers/Microsoft.PowerApps/apps/","type":"Microsoft.PowerApps/apps","tags":{"primaryDeviceWidth":"1366","primaryDeviceHeight":"768","supportsPortrait":"true","supportsLandscape":"true","primaryFormFactor":"Tablet","showStatusBar":"false","publisherVersion":"3.24072.14","minimumRequiredApiVersion":"2.2.0","hasComponent":"false","hasUnlockedComponent":"false","isUnifiedRootApp":"false","sienaVersion":"20240723T235655Z-3.24072.14.0"},"properties":{"appVersion":"2024-07-23T23:56:55Z","lifeCycleId":"Published","createdByClientVersion":{"major":3,"minor":24072,"build":14,"revision":0,"majorRevision":0,"minorRevision":0},"minClientVersion":{"major":3,"minor":24072,"build":14,"revision":0,"majorRevision":0,"minorRevision":0},"backgroundColor":"RGBA(0,176,240,1)","backgroundImageUri":"/16671525918567669187/N0f687433-6b91-4e91-bc5c-cf3ae2d0e2a3-logoSmallFile","displayName":"Encounter Record","description":"This app is designed to be a tiny hub for a DND 5e dungeon master, it rolls dice, keeps track of encounters, and magic items","commitMessage":"Save app with description provided in publish dialog.","appUris":{"documentUri":{"value":"/16671525918567669187/N847597f7-eb62-41ad-b25b-63c2ac60c7bd-document.msapp"},"imageUris":[],"additionalUris":[{"isSolutionAware":false,"value":"/16671525918567669187/Nf51cbe0a-1f20-4533-b8af-4c5881c52217-identity.json"}]},"createdTime":"0001-01-01T00:00:00Z","lastModifiedTime":"0001-01-01T00:00:00Z","sharedGroupsCount":0,"sharedUsersCount":0,"connectionReferences":{},"databaseReferences":{"default.cds":{"databaseDetails":{"referenceType":"Environmental","environmentName":"default.cds","overrideValues":{"status":"NotSpecified","environmentVariableName":""}},"dataSources":{"Encounter Names":{"entitySetName":"cr2de_encounterrecords","logicalName":"cr2de_encounterrecord","isHidden":false},"Magic Item Catalog":{"entitySetName":"cr2de_magicitemcatalogs","logicalName":"cr2de_magicitemcatalog","isHidden":false}},"actions":["providers/PowerPlatform.Governance/Operations/Read","providers/PowerPlatform.Governance/Operations/Write","providers/PowerPlatform.Governance/Operations/Delete"]}},"almMode":"Solution","performanceOptimizationEnabled":false,"canConsumeAppPass":false,"enableModernRuntimeMode":false,"executionRestrictions":{"isTeamsOnly":false,"dataLossPreventionEvaluationResult":{"status":"Compliant","lastEvaluationDate":"2024-07-23T16:43:26.9596912Z","violations":[],"violationsByPolicy":[],"violationErrorMessage":"The app uses the following connectors: shared_commondataservice."}}},"appType":"ClassicCanvasApp","appComponents":[]}}